game_number,result,your_color,opponent_type,opponent_elo,move_count,moves
3,loss,white,stockfish_level_1,N/A,54,e4 d5 Nc3 d4 Bb5+ c6 Nf3 cxb5 Nxb5 a6 Nbxd4 e6 Kf1 e5 Nb3 Bd6 Qe2 Be6 c4 Nf6 Qd3 a5 Nxe5 Na6 Qd4 a4 Nxf7 Kxf7 Qd3 Re8 Nd4 Bb4 e5 Bc8 exf6 Qxf6 Nc2 Be7 Qe3 h5 Nd4 Kg8 Nf3 Bf5 Nd4 Bg6 Nf3 Bc5 Qg5 Qe6 Kg1 Qe1+ Nxe1 Rxe1#
7,loss,white,stockfish_level_1,N/A,78,e4 d5 Nf3 dxe4 Bb5+ c6 Nc3 exf3 Bc4 e6 Qxf3 Nf6 Qf4 Be7 Qg5 O-O Kf1 b6 Bd3 c5 Rg1 Ne8 Bxh7+ Kh8 Qh5 Nf6 Qf3 Nxh7 Qxa8 Qd6 Qxa7 f5 Rh1 Bd7 Qb7 Kg8 Qa7 b5 Qb7 Bc6 Qb6 Bxg2+ Kxg2 Qxb6 Kg1 Rd8 Kf1 Qb7 Rg1 Bd6 Rg2 Nf6 Kg1 Ng4 Kf1 g5 d4 Qe7 Nxb5 Bc7 Nxc7 Rxd4 Nxe6 Re4 Bxg5 Qe8 Nc7 Qc6 Bd8 Kh7 b4 Rd4 b5 Qd7 c3 Rd1+ Rxd1 Qxd1#
2,win,black,stockfish_level_1,N/A,106,e4 Nf6 e5 Nc6 Nf3 Ne4 c3 Rg8 Qc2 f5 Bc4 Rh8 b4 Rb8 d3 d5 Bb5 a6 Bxc6+ bxc6 dxe4 dxe4 Nfd2 Be6 Nb3 Qd5 N1d2 Qxe5 O-O Kf7 Nd4 Bd5 Re1 Qf4 c4 Rxb4 N2f3 Rxc4 Ng5+ Qxg5 Bxg5 Rxc2 Nxc2 Kg6 h4 h6 Bc1 Kh5 Ne3 Be6 Rb1 Bxa2 Rb2 Be6 Rc2 f4 Rc5+ Kxh4 Rxc6 fxe3 g3+ Kh3 Bxe3 Bd5 Rc5 c6 Rec1 Rh7 Rd1 Rh8 Re1 Rh7 Rec1 Rh8 Rd1 Rh7 Rd4 e5 Rdxd5 cxd5 Rc7 d4 Rc4 dxe3 Kf1 exf2 Rc2 e3 Rb2 Kxg3 Re2 Bc5 Rd2 exd2 Ke2 Bb4 Ke3 f1=Q Ke4 Qf6 Kd3 Qc6 Ke3 Qd5 Ke2 Qf3#
8,loss,black,stockfish_level_1,N/A,129,c4 Nf6 d4 d5 Nc3 dxc4 e3 Be6 Nf3 Nc6 Be2 Bg4 d5 Qd6 dxc6 Qxd1+ Nxd1 bxc6 Bd2 Nd5 e4 Nf6 e5 Nd5 Rc1 O-O-O Rf1 Rd7 h4 Rg8 Rg1 Rh8 Rh1 Rg8 a3 Rh8 Rg1 Rg8 Ra1 Rh8 Rh1 Rg8 Nc3 Nxc3 bxc3 Bxf3 Bxf3 f6 Ra2 fxe5 Bg5 Kb7 Ke2 Rh8 Be4 Kb6 Rb1+ Kc5 Rb8 Rd6 a4 Rd7 Ra8 Kb6 a5+ Kb7 g3 Kxa8 Bxc6+ Kb8 Bxd7 Kb7 Rb2+ Ka6 Bc1 Kxa5 Be6 Ka4 g4 h5 Rb4+ Ka5 Rb2 hxg4 Bg5 Ka4 Rb1 Ka3 Rb8 g3 Bxc4 gxf2 Kxf2 Ka4 Ke3 Ka3 Rb5 Rh5 Kd3 e4+ Kd2 e3+ Kd1 e2+ Bxe2 Rh7 Kd2 Rh8 Kc2 Ka4 Rb1 Ka5 Bg4 Rh7 Rb8 Rh8 Bd7 a6 Kb1 e5 Ka2 e4 Bf4 c6 Bc7+ Ka4 Rb4+ Bxb4 Bxc6#
1,loss,white,stockfish_level_1,N/A,120,Nc3 c6 d4 d6 Bg5 Qb6 Rb1 Nd7 Qd3 d5 Nf3 Ndf6 Ne5 g6 Qf3 h6 Be3 h5 Qf4 Bh6 Nxd5 cxd5 Qg3 Be6 Nxf7 Bxf7 Bxh6 Nxh6 c3 Nf5 Qe5 O-O Qf4 Rfe8 Qe5 h4 Qf4 Nh7 Qf3 a6 Qf4 Rac8 Qg4 Nf6 Qh3 Nh5 Qg4 Rc7 Qf3 e5 dxe5 Rc6 Qg4 Rxc3 Qa4 Rc5 b4 d4 e6 Re5 exf7+ Kf8 Qxe8+ Rxe8 fxe8=Q+ Kxe8 b5 Qa5+ Kd1 Qxa2 Rb4 a5 g4 Qa1+ Kc2 axb4 gxf5 gxf5 Kb3 Qa5 Kc4 Nf4 Kc5 b6+ Kc6 d3 e3 Ne6 Bxd3 b3 Bxf5 Nf8 Rb1 Ke7 Rxb3 Qd2 Kxb6 Qd5 Bc2 Ne6 Ka7 Qc4 Rb2 Nc5 Kb8 Qc3 Ra2 Kd6 Bf5 Qb4 Ka8 h3 Rc2 Qxb5 Rd2+ Kc7 Rd7+ Nxd7 Bxd7 Qb8#
10,loss,black,stockfish_level_1,N/A,75,e4 d5 exd5 Nf6 Bb5+ Nbd7 Be2 Nxd5 d4 Nb4 c3 Nd5 c4 N5b6 a4 Ne5 dxe5 Qxd1+ Bxd1 Nxc4 Nf3 Bg4 Nbd2 Nxd2 Bxd2 O-O-O Bc3 Rg8 O-O Rh8 b4 Rg8 Rc1 Rh8 h4 Rg8 a5 Rh8 Bc2 f6 Bd1 f5 e6 Rg8 a6 bxa6 Re1 g6 Bb3 Bh6 Rb1 Bf4 Kh1 Rd3 Be5 Bxf3 Bxf4 Bxg2+ Kxg2 g5 hxg5 Rd4 Be5 Rxb4 f4 c6 Kf3 Rb5 Red1 Rf8 Ba4 Rxb1 Rxb1 Rh8 Rb8#
9,loss,white,stockfish_level_1,N/A,118,e4 d5 Nc3 e6 Bb5+ Nc6 exd5 exd5 Nge2 h5 Kf1 d4 Ne4 h4 Nf4 g5 Qe2 Qe7 Nd6+ cxd6 Bxc6+ bxc6 Nd5 cxd5 Qb5+ Bd7 Qb7 Qd8 Kg1 Be7 Rb1 Rb8 Qxa7 Kf8 Ra1 f6 Rb1 Be8 Ra1 h3 gxh3 Rc8 c3 Bd7 Qb7 Qe8 Rb1 Rb8 Qc7 Rh7 cxd4 Rc8 Qb7 Rb8 Qc7 Rd8 Ra1 Rc8 Qb7 Be6 Rb1 Rb8 Qc7 Bxh3 Qa7 Bd7 Qc7 Ra8 Ra1 Rf7 Qb7 Rd8 Qxd5 Bc8 Qe4 f5 Qe3 Qd7 Qb3 Qe8 Qc4 d5 Qc7 Bd7 Kg2 f4 Kg1 Be6 Qb6 Bc8 Qg6 Rf5 Qh7 Qf7 Qh8 Rf6 Rb1 Rh6 Qe5 Nf6 Qxg5 Rh7 Ra1 Rg7 Qxg7+ Qxg7+ Kf1 Qf7 Rg1 Bh3+ Ke2 Qh5+ Kd3 Bf5+ Kc3 Qf3+ d3 Qxd3#
4,win,black,stockfish_level_1,N/A,218,e3 e5 d4 Nc6 Nc3 Bb4 Bd2 exd4 Nd5 Bxd2+ Qxd2 Nf6 c4 Ne4 Qc2 Nd6 Rd1 dxe3 Nf3 exf2+ Qxf2 O-O b4 Re8+ Be2 Nxc4 Qg3 Nb2 O-O Rxe2 Rc1 Nd3 b5 Nxc1 Ng5 Rxa2 Rxc1 Nd4 Nxh7 Ne2+ Kf2 Nxg3+ Kg1 Ne2+ Kf2 Nxc1+ Ke1 Kxh7 Kf1 Nd3 b6 Qg5 Ne3 Qxe3 bxa7 R8xa7 h4 Kh8 g3 Qxg3 h5 Kg8 h6 Kh7 hxg7 Qf4+ Kg1 Kxg7 Kh1 Kh8 Kg1 Kg8 Kh1 Kh8 Kg1 Kg8 Kh1 Kh8 Kg1 Kg8 Kh1 Kh8 Kg1 Kg8 Kh1 Kf8 Kg1 Ke8 Kh1 Kf8 Kg1 Ke8 Kh1 Kf8 Kg1 Ke8 Kh1 Kf8 Kg1 Ke8 Kh1 Kd8 Kg1 Ke7 Kh1 Ke8 Kg1 Kf8 Kh1 Kg8 Kg1 Kh8 Kh1 Kg8 Kg1 Kh8 Kh1 Kg8 Kg1 Kh8 Kh1 Kg8 Kg1 Kh8 Kh1 Kh7 Kg1 Kg7 Kh1 Kh7 Kg1 Kg7 Kh1 Kh7 Kg1 Kg7 Kh1 Kh7 Kg1 Kh6 Kh1 Ra8 Kg1 Rb8 Kh1 Rba8 Kg1 Rb8 Kh1 Rba8 Kg1 Rb8 Kh1 Rba8 Kg1 Rb8 Kh1 Kh7 Kg1 Rba8 Kh1 Rb8 Kg1 Rba8 Kh1 Rb8 Kg1 Rba8 Kh1 Rb8 Kg1 Rba8 Kh1 R8a6 Kg1 Kh8 Kh1 Kg8 Kg1 Kh8 Kh1 Kg8 Kg1 Kh8 Kh1 Kg8 Kg1 Kh8 Kh1 Kg8 Kg1 Kf8 Kh1 Ke8 Kg1 Kf8 Kh1 Ke8 Kg1 Kf8 Kh1 Ke8 Kg1 Kf8 Kh1 Ke8 Kg1 Kd8 Kh1 Ke7 Kg1 Ke8 Kh1 Kf8 Kg1 Kg8 Kh1 Qh2#
5,loss,white,stockfish_level_1,N/A,178,Nc3 e5 Nf3 Bd6 Ne4 Ne7 c3 Nbc6 Qb3 b6 Qc4 f6 Nxd6+ cxd6 Rg1 Na5 Qb5 Bb7 Nh4 g5 Nf3 Rc8 e4 d5 exd5 O-O Bd3 Nxd5 Be4 Ne7 Bxb7 Rc5 Qb4 Qc7 Be4 Rc4 Bxh7+ Kf7 Nxg5+ fxg5 Qb5 Kg7 Bd3 Rg4 Be2 Rgf4 Bd3 d5 Rh1 Rxf2 Qb4 Rxg2 Bb5 Ng6 Bd3 e4 Bxe4 Qe5 Kd1 dxe4 Kc2 e3 Kd1 Rf3 dxe3 Nc6 Qc4 Qe8 Qd5 g4 Re1 Rxh2 Rg1 Nge5 Re1 Qg6 e4 b5 Rg1 g3 Re1 Rff2 Qxb5 Qg4+ Re2 Rf1+ Kd2 Qf4+ Kc2 Rxc1+ Rxc1 Qxe4+ Kb3 Qxe2 Qb7+ Kg6 Ka3 Ne7 Qxe7 Nf7 Qb7 Qe6 Qxa7 Rd2 Qc7 Ne5 Qc5 g2 Qc7 Qd5 Rg1 Qa8+ Kb3 Qe4 Qb6+ Kg5 Ka3 Nc4+ Kb3 Nxb6 c4 Qd3+ Kb4 Qd6+ Kc3 Qd4+ Kb4 Qxb2+ Kc5 Kf4 Kc6 Rf2 c5 Nd7 Kxd7 Qd2+ Kc8 Kf5 a3 Ke6 Kb7 Qd5+ Kb8 Qe5+ Ka8 Qd5+ Kb8 Qd8+ Kb7 Qd7+ Ka6 Qc6+ Ka7 Qa4+ Kb8 Qe8+ Kb7 Qe7+ Ka6 Qg5 c6 Rd2 a4 Ke5 a5 Kd5 c7 Qg4 Rxg2 Rxg2 Ka7 Qc8 Kb6 Rc2 Ka7 Rxc7+ Kb6 Qb7#
11,loss,white,stockfish_level_1,N/A,78,Nc3 Nf6 e4 e5 Qf3 Nc6 Bc4 d6 Nge2 a6 Kf1 h5 Ng3 Bg4 Bxf7+ Kxf7 Qd3 Be6 Nge2 Qd7 Qf3 Kg8 Rg1 Nd4 Nxd4 exd4 Ne2 Bg4 Qb3+ Kh7 f3 Be6 Qxb7 Rd8 Qxa6 Qf7 Nxd4 g6 e5 Ne8 exd6 Bd5 Qb5 Nxd6 Qc5 Nc4 Qb5 c5 Nb3 Rc8 Qa6 Rc6 Qb5 Rb6 Qa4 Rb4 Qa6 Bg7 Nxc5 Rb6 Qa4 Re8 d3 Bd4 dxc4 Bxf3 Bf4 Be2+ Ke1 Bxc5 Bd6 Rxd6 Qa7 Bf1+ Qe7 Bxc4 Qxe8 Qf2#
13,loss,white,stockfish_level_1,N/A,156,Nc3 d5 Nf3 c6 Ne5 f6 Nf3 e6 Nd4 Nh6 Rg1 Na6 Rh1 Qb6 Nf3 e5 Na4 Qd8 Nc3 e4 Nd4 Be7 Rg1 Qd6 Rh1 Bd7 Rb1 f5 Ra1 Ng4 e3 Nc5 b4 Na6 Bxa6 bxa6 Kf1 Qxb4 Qe2 f4 Rb1 Qd6 exf4 c5 Ba3 Rf8 Rb7 Rxf4 Kg1 Nxf2 Qh5+ g6 Qxd5 Rf6 Rxd7 Qxd5 Nxd5 Kxd7 Nxf6+ Bxf6 Kxf2 cxd4 Bc5 Rc8 Bxa7 Ke6 Rc1 Kd5 Kg1 Rc4 Rf1 Bg5 Kh1 Bxd2 Rf2 Bb4 Re2 h5 Bb6 d3 cxd3 Rc1+ Bg1 exd3 Re3 Rd1 Rg3 Kc4 Rxg6 Ba3 Rc6+ Kb4 Rxa6 d2 Rh6 Re1 Rd6 Bc1 Rd5 d1=R a3+ Kc3 Rc5+ Kb3 Rb5+ Kc2 Rc5+ Kb3 Rb5+ Kc2 Rc5+ Kd2 Rd5+ Kc3 Rc5+ Kd2 Rd5+ Ke2 Re5+ Kf1 Rf5+ Bf4 Rxf4+ Ke2 Re4+ Kd3 Rd4+ Kc2 Rxd1 Rxd1 a4 Kb2 a5 h4 a6 Kb3 a7 Ra1 h3 Kc2 Kh2 Kc1 Be3+ Kd1 Bb6 Ke1 Ba5+ Rxa5 g3 Rxa7 gxh4 Kf2 Kh1 Kg3 Kg1 Ra1#
16,loss,black,stockfish_level_1,N/A,115,d4 Nf6 c4 e5 dxe5 Bb4+ Nc3 Ne4 Bd2 Nxd2 Qxd2 Nc6 a3 Ba5 f4 Qh4+ g3 Qh5 b4 Bb6 c5 Nxe5 cxb6 Nc4 Qd5 Qxd5 Nxd5 cxb6 e3 b5 h3 Kf8 e4 Nd6 Nc3 f6 Rd1 Ke7 Be2 Ke6 f5+ Ke7 g4 Rg8 Bd3 Kf8 Kf2 Rh8 Rc1 Rg8 Rd1 Rh8 h4 Rg8 Nb1 Rh8 Nf3 Rg8 g5 fxg5 hxg5 Rh8 e5 Nf7 Rhe1 a6 Be4 Ra7 Nc3 Rg8 Rc1 Rh8 Red1 Rg8 Nd5 Ra8 Nb6 Rb8 Nxc8 d5 Bxd5 Rh8 Kg3 Nxg5 Nxg5 a5 Kf3 axb4 Ke4 bxa3 Ne6+ Kg8 Rg1 g6 Nd6 b4 Rb1 a2 Rbd1 Re8 Nb5 a1=Q Ned4+ Kf8 Rxa1 gxf5+ Nxf5 b6 Ra7 Rd8 e6 Ke8 Ng7+ Kf8 e7#
17,loss,white,stockfish_level_1,N/A,110,e4 d5 Nc3 Nf6 Bb5+ c6 Nxd5 Nxd5 Bc4 b5 Bb3 Nf6 Qf3 e6 Qf4 Bb7 Qg5 c5 Nf3 Bxe4 Ne5 Bb7 Rg1 Nc6 Nxc6 Bxc6 g3 h6 Qh4 Be7 Kf1 a6 Rb1 c4 Bxc4 g5 Qh3 h5 Bb3 g4 Qh4 Ne4 Qxe7+ Kxe7 Rg2 Bd5 Bxd5 exd5 d3 Kd7 dxe4 h4 exd5 Qf6 gxh4 Rhe8 Rxg4 Qf5 Rg7 Rac8 Bg5 Rc4 Rc1 Ra4 Bd2 Rc4 Bc3 a5 Bxa5 Rf4 Bb6 Qh5 Kg1 b4 Be3 Rg4+ Rxg4 Qxg4+ Kh1 Rg8 Bg5 f5 Rg1 Qf3+ Rg2 Re8 Bd2 Rg8 Bg5 Qd1+ Rg1 Qe2 Bf6 Qe4+ f3 Qxf3+ Rg2 Rg4 Bh8 Qxd5 Bg7 f4 Bh8 Qd1+ Rg1 Qf3+ Rg2 Qf1+ Rg1 Qxg1#
6,loss,black,stockfish_level_1,N/A,327,e4 Nc6 Nc3 e5 Bc4 Bb4 Qh5 d5 exd5 Nf6 Qd1 Bg4 f3 Bxc3 dxc3 Bf5 g4 Bg6 Bg5 Kf8 dxc6 Qxd1+ Rxd1 Bxc2 Rc1 b5 Be2 Bg6 h4 Nd5 Kf2 Rb8 a3 Rg8 h5 Nf4 Re1 Bxh5 Bf1 Ne6 Bc1 Bg6 Nh3 e4 Bg2 Rh8 Be3 Ra8 b4 Rg8 f4 Rh8 f5 Bxf5 gxf5 Nd8 Bxe4 Kg8 Bg5 Kf8 Bf4 Rc8 Rh2 Rg8 Bf3 Rh8 Rhh1 Rg8 c4 bxc4 Bc1 Rh8 Rh2 Rg8 Rd1 Rh8 Nf4 Kg8 Ne2 Kf8 a4 Kg8 Rd4 Kf8 Rxc4 Kg8 Rd4 Kf8 Be3 Kg8 Bc1 Kf8 b5 Kg8 Rd1 Rb8 Bg5 Kf8 Bc1 Kg8 Bg5 Kf8 Bf4 Rc8 Rd4 Kg8 a5 Kf8 Bc1 Kg8 Rh1 Rb8 Rh2 Rc8 Rh1 Rb8 f6 Ne6 Rg1 Nxd4 Nxd4 g6 Rd1 Rd8 Be3 Rd6 Rg1 Rxf6 Ke2 Rd6 Rd1 Kg7 Rc1 Re8 Kd3 Re7 Bg2 Kh8 a6 Rd8 Rd1 Rd6 Kd2 Rd8 Bf3 Rd6 Rc1 Rd8 Rc2 Rd6 Rc1 Rd8 Rc4 Rd6 Ra4 Rd8 Ra2 Rd6 Ra3 Rd8 Rd3 Rd6 Bg2 Rd8 Bf3 Rd6 Kc3 Rd8 Kc2 Rd6 Bd2 Rd8 Kc3 Rd6 Kc2 Rd8 Be3 Rd6 Kd2 Rd8 Bg2 Rd6 Bf3 Rd8 Bh1 Rd6 Kc3 Rd8 Bg2 Rd6 Kc2 Rd8 Kc3 Rd6 Bd2 Rd8 Bc1 Rd6 Bb2 Rd8 Bh1 Rd6 Kc2 Kg8 Bc3 Kf8 b6 cxb6 Bb4 Rxd4 Rxd4 Ke8 Kd2 Rc7 Bg2 f5 Kc3 Rc8 Rd1 Rc7 Rd3 f4 Rd4 g5 Rd1 b5 Bh1 g4 Kd4 g3 Rg1 Kd8 Bd6 Rc8 Be4 g2 Bxf4 Ke8 Bg5 Kf8 Bxg2 Kg7 Rb1 h6 Be3 Re8 Bd5 Kh7 Kc5 Rxe3 Kxb5 Re5 Rd1 Kh8 Kb4 Kh7 Kc4 Kh8 Kc5 Kh7 Rd4 Kh8 c7 Re8 Rb4 Rc8 Kd6 h5 Rb7 Ra8 Rb5 Rc8 Rb7 Ra8 Be6 Re8 Bd7 Ra8 Rb4 Rg8 Rb7 Rg6+ Ke7 Rg7+ Kf6 Rg8 Rxa7 Kh7 Rb7 Rg6+ Kf5 Rg8 Rb8 Rh8 Be6 Kg7 a7 Rf8+ Ke5 Rh8 Bf5 Rg8 Kd4 Kh8 Rxg8+ Kxg8 c8=Q+ Kg7 Qb7+ Kf6 Qc6+ Kxf5 Qd5+ Kg4 Qf7 Kh3 Qf5+ Kh2 Qf2+ Kh3 Qf3+ Kh2 Qe2+ Kh1 a8=Q+ Kg1 Qeg2#
15,win,white,stockfish_level_1,N/A,109,e4 d5 d4 dxe4 Bb5+ c6 Bc4 g6 Nc3 Bf5 Nge2 Nd7 Ng3 Bg7 Be3 Nb6 Nxf5 gxf5 Bb3 e6 Qh5 Qd7 Qg5 Bh6 Bxe6 fxe6 Qh5+ Ke7 Qh4+ Kf8 Bxh6+ Nxh6 Qf6+ Nf7 Kf1 Ke8 Qg7 Rf8 Rg1 h6 Rh1 Qe7 Rg1 Nd7 Rh1 a6 Rg1 Rc8 Rh1 b5 Rg1 h5 Rh1 h4 Rg1 b4 Ne2 a5 Nf4 Nh8 Qh6 e5 dxe5 Qxe5 Qh5+ Nf7 Ne2 Rh8 Qg6 Nf8 f4 Qd5 Qg7 c5 g4 Ne6 Qf6 Nd4 Nxd4 Rh6 Qxf5 Qc4+ Ne2 Nd6 Qe5+ Kf8 g5 Nf7 Qf5 Re6 g6 Rc7 g7+ Kg8 Rg2 Rc8 Rc1 e3 Ra1 Rd8 b3 Qa6 Kg1 Rd2 Qxc5 h3 Qf8+ Kh7 g8=Q#
12,loss,black,stockfish_level_1,N/A,215,e4 Nc6 Nc3 e5 Nf3 Qf6 Nd5 Qd6 d4 exd4 Bf4 Ne5 Bxe5 Qc5 Qxd4 Qa5+ b4 Bxb4+ Kd1 Bf8 Bxg7 Bxg7 Qxg7 Rb8 a3 Ra8 Bd3 Rb8 g4 Ra8 Rg1 Rb8 a4 Ra8 h4 Rb8 g5 Ra8 Rb1 Rb8 Rg3 Ra8 Rb3 Qxa4 Rb1 Qc6 Nd4 Qd6 Rf3 Kd8 Qxh8 Qg6 Rf4 Rb8 Nb5 c6 Ndc3 cxb5 Ne2 a6 e5 f5 f3 Kc7 e6 Qxe6 Qc3+ Kb6 Rxf5 Qd6 Re5 Ka7 f4 b4 Qc5+ Qxc5 Rxc5 Kb6 Rd5 Kc6 Re5 d6 Re4 Bg4 Rbxb4 d5 Re3 Kc5 Rd4 Bxe2+ Kd2 Kxd4 Kxe2 Rc8 Bxh7 Rc3 Re8 Nf6 Re7 Nxh7 h5 Rxc2+ Kd1 Rf2 Rxh7 Kd3 Re7 Rf1+ Re1 Rxf4 Rh1 Rf8 Kc1 Ke2 Kb1 Rf1+ Rxf1 Kxf1 Kc2 Kg2 Kd1 Kh2 g6 Kg2 g7 Kh3 h6 Kg3 Kd2 Kh3 h7 Kg3 h8=R Kg2 Kd3 Kf2 Rc8 Kg3 Rd8 Kh3 Re8 Kg3 Re2 Kh4 Re8 Kh3 Rh8+ Kg2 Ra8 Kh3 Kd2 Kg3 Kc3 d4+ Kb4 a5+ Kc4 b5+ Kd3 Kh3 Rf8 Kg3 Ke2 d3+ Kd2 Kh3 Rb8 Kg3 Rd8 Kh3 Rf8 Kg3 Rd8 Kh3 Re8 Kg3 Rf8 Kh3 Rd8 Kg3 Re8 Kh3 Rd8 Kg3 Ra8 Kh3 Rh8+ Kg2 Ke3 Kg1 Kd2 Kg2 Rb8 Kh3 Ra8 Kg3 Rb8 Kh3 Re8 Kg3 g8=Q+ Kh3 Qe6+ Kh2 Qd6+ Kg2 Rg8+ Kf3 Qxd3+ Kf4 Rf8+ Kg4 Qg6+ Kh4 Rh8#
14,loss,black,stockfish_level_1,N/A,151,d4 Nf6 Nf3 d5 c3 Nc6 Bf4 Bg4 h3 Bxf3 exf3 Qd7 Bd3 Qe6+ Kf1 O-O-O h4 Rd7 Nd2 Rg8 b4 Rh8 b5 Nh5 Be3 Ng3+ fxg3 Qxe3 Qc2 Nd8 Re1 Qh6 f4 Ne6 Qa4 Kb8 Nb3 Qf6 b6 Kc8 bxa7 Qxf4+ gxf4 c6 Bxh7 Nc7 Rh3 Rxh7 a8=R+ Nxa8 Qxa8+ Kc7 Qa4 Kb8 f5 Rh8 Nc5 Rc7 Qc2 e5 Rb1 exd4 g4 Bxc5 cxd4 Bxd4 h5 Be5 Re1 Re7 a4 Ka8 Qb3 Rh7 a5 Rh8 Qc2 Rh7 Qb3 Rh8 Qb1 Rh7 g5 Rh8 Rd1 Rh7 Qc1 Rh8 Qd2 Rh7 Qd3 Bf4 Qc3 Bxg5 Qf3 Re3 Qh1 Rxh3 Qxh3 Bf4 Qf3 Bd6 Rb1 Be5 a6 bxa6 Rd1 Rh8 Qh3 Rh7 Re1 Bb8 Re2 Rh8 f6 gxf6 Ke1 Bd6 Kd1 Be5 Ra2 Kb7 Rf2 Ka8 Rf1 Bd4 Rh1 Be5 Qa3 Kb7 h6 Rh7 Qb4+ Ka8 Qa3 Kb7 Rh4 Rh8 Rh3 Rh7 Qb4+ Ka8 Qa5 Kb7 Qa3 Bf4 Rb3+ Ka7 Qb4 Rxh6 Qb7#
18,loss,black,stockfish_level_1,N/A,121,e4 e5 Bc4 Nf6 d3 Bb4+ c3 Bc5 b4 Bb6 Bg5 Nc6 Nf3 Kf8 Qb3 Qe7 Bh4 Rg8 a4 g5 Nxg5 Rg7 Nd2 Ng4 Ngf3 Qd6 h3 Nxf2 Bxf2 Bxf2+ Kxf2 Qf6 Rag1 Kg8 g4 Kh8 Ke1 Qf4 Rh2 Qe3+ Re2 Qf4 d4 exd4 Nxd4 Nxd4 cxd4 Rb8 Rf1 Qd6 e5 Qxd4 a5 Qa1+ Kf2 Qd4+ Qe3 Qb2 b5 Qc2 Qd4 Qa4 Kg1 Ra8 Qc3 Rb8 Re4 Ra8 Ra1 Rxg4+ hxg4 Qxa1+ Qxa1 Kg8 Qa2 d5 Bxd5 Be6 Re1 Re8 b6 Bxd5 Qb2 cxb6 Rc1 bxa5 Rc7 a4 Qa3 Bc6 Qd6 a6 e6 Rxe6 Qg3 Bd5 Nf1 Rg6 Qf4 Kh8 Qf5 Be6 Qa5 Rxg4+ Kh2 Rh4+ Kg1 Rg4+ Kh1 Rh4+ Nh2 f6 Rc8+ Bxc8 Qc7 Be6 Qd6 Re4 Qf8+ Bg8 Qxf6#
20,loss,black,stockfish_level_1,N/A,57,d4 Nf6 c4 e5 e3 Bb4+ Nc3 exd4 exd4 Qe7+ Be3 Bxc3+ bxc3 Nc6 Bd3 h6 Rb1 Kf8 Rb2 Rg8 Qb1 Rh8 Nf3 Rg8 d5 Nd8 Re2 Rh8 Bd4 Qd6 O-O Ng4 g3 c5 Ne5 Nxe5 Bxe5 Qe7 Bc7 Qf6 Rfe1 g6 Be5 Qe7 Bxg6 fxg6 Bxh8 Qf7 Qe4 Kg8 Qe8+ Qxe8 Rxe8+ Kh7 R1e7+ Nf7 Rxf7#
21,win,white,stockfish_level_1,N/A,69,Nf3 e6 Nc3 Be7 Ne5 d5 Nb5 c5 Nc3 f6 Nd3 d4 Nb5 c4 Nf4 a6 Na3 b5 Nb1 Nc6 Nh5 Ra7 Nxg7+ Kf8 Nh5 f5 Nf4 Bd6 d3 Rg7 dxc4 e5 cxb5 exf4 bxc6 Qb6 Nc3 Bb4 a3 Ba5 b4 dxc3 bxa5 Qc7 Qd4 Rg4 Qxh8 Qxa5 Ra2 Be6 Ra1 Bc4 f3 Rg7 Bxf4 Kf7 c7 Be6 Bd6 Qb6 Be5 Rxg2 Qxh7+ Rg7 Qxg7+ Ke8 Rd1 Qa5 Rd8#
22,loss,black,stockfish_level_1,N/A,85,d4 Nf6 c4 d5 c5 Nc6 a3 Bg4 h3 Bh5 Nc3 Qd7 g4 Bg6 Nf3 Qe6 Bg2 O-O-O Bf4 Rd7 O-O Rg8 Ng5 Bc2 Qc1 Nxd4 Nxe6 fxe6 Kh2 Bb3 Be5 Nc2 Rb1 Ne8 Rg1 Rh8 e3 Rg8 f4 Rh8 Bh1 Rg8 g5 Rh8 Na2 Bxa2 c6 bxc6 Qxc2 Bxb1 Rxb1 Kb7 Rc1 Nd6 Bg2 Nc4 Bd4 Ka8 Kg3 Rd8 h4 Rb8 Qa4 Rb7 Bh1 Nxb2 Qxc6 Nc4 Rb1 Nd6 Be5 Nf5+ Kg4 Nxe3+ Kh3 Rg8 Qe8+ Rb8 Qc6+ Rb7 Bf3 Rh8 h5 Rg8 Qxb7#
23,loss,white,stockfish_level_1,N/A,86,e4 d5 Nc3 d4 Bb5+ Bd7 Nf3 c5 Nxd4 cxd4 Qh5 Nc6 Nd5 a6 Ba4 e6 Nf4 Nf6 Qg5 h5 Bxc6 Bxc6 Nxh5 Nxh5 Qe5 Nf6 Qg5 Qd7 Qf4 a5 Qf3 Nxe4 O-O Nc5 Qa3 Na6 Qxa5 Nc7 Qb6 Na6 g3 Be7 Re1 Rc8 Re2 g6 Rb1 Nc7 Ra1 Na6 Rb1 Rb8 Qa7 g5 Kf1 g4 Kg1 Bf6 Kf1 Rc8 Qb6 Be7 Kg1 Ra8 Ra1 Rc8 Rb1 Nc7 Ra1 f5 Rb1 Ra8 Ra1 Na6 Rb1 Nc5 Ra1 Rf8 Kf1 Qd5 Re1 Rg8 Qc7 Qh1+ Ke2 Bf3#
27,loss,white,stockfish_level_1,N/A,80,Nf3 Nf6 e4 e5 Nxe5 Bd6 Nc4 Be7 Qf3 O-O Nc3 Nc6 e5 Ne8 Qd5 a6 Bd3 Nb4 Qe4 f5 exf6 Nxf6 Qf5 d5 Qf3 b5 Bxh7+ Nxh7 Qe3 Ng5 Na3 c5 Kf1 d4 Qe5 Bf5 Ne2 Bd6 Qxf5 Rxf5 Kg1 Nf3+ gxf3 Rf7 f4 Re7 Kf1 Bc7 Rg1 Rb8 Rg5 Rf7 Rxc5 Re7 Nxb5 d3 cxd3 Bb6 Re5 Rf7 Re6 Qd5 Ned4 Qa8 Kg1 a5 Nb3 Nc2 Rb1 Qd5 N5d4 Nxd4 Rxb6 Nf3+ Kh1 Nh4+ f3 Qxf3+ Kg1 Qg2#
28,loss,black,stockfish_level_1,N/A,67,e4 Nf6 e5 Nc6 d4 Nd5 Nf3 Ncb4 c4 Nb6 Nc3 Nc6 Be3 Rg8 d5 Nb4 a3 Na6 b4 c5 Qc2 cxb4 Nb5 bxa3 d6 exd6 exd6 Qf6 Rd1 Qe6 Be2 a2 O-O Nxc4 Bf4 Ne3 Bxe3 Be7 Nfd4 Qd5 Qb2 Bf6 Qc1 Bxd4 Bxd4 Qe4 Rfe1 Rh8 Bf1 Kf8 Rxe4 Nc5 Re5 Nb3 Qb2 Nxd4 Nxd4 f6 Re8+ Kxe8 Re1+ Kf8 Qxa2 Rg8 Re8+ Kxe8 Qxg8#
32,loss,black,stockfish_level_1,N/A,43,e3 d5 c4 Nf6 Nf3 dxc4 Na3 Be6 Ng5 Bd5 Nf3 Nc6 Be2 Qd6 Bxc4 Bxf3 Qxf3 Qc5 d4 Qb4+ Bd2 Qxb2 Nb1 Qxa1 Qf5 Qb2 Ke2 Rg8 Rc1 e6 Qb5 Bb4 Qxb7 Nxd4+ exd4 Kd7 Bb5+ Ke7 Rxc7+ Kd8 Rd7+ Nxd7 Qxd7#
26,win,black,stockfish_level_1,N/A,162,e4 Nc6 d4 e5 dxe5 Bb4+ Nd2 Nxe5 f4 Qh4+ Ke2 Qxf4 c3 Bc5 Qa4 Nf6 Kd1 Kf8 Ne2 Qg5 Nf3 Qh5 b4 b5 Nf4 bxa4 Nxh5 Nxf3 Ng3 Bd6 Kc2 Ne1+ Kb2 a3+ Kb1 Bxg3 Be3 Bd6 e5 Bxe5 Bb5 Nxg2 Bc1 Bxc3 Rd1 Bb7 Kc2 Bxa1 Rxd7 Be4+ Kb3 c6 Bxc6 Bxc6 Rc7 Bd5+ Rc4 Be5 Bd2 Bxh2 Bc3 Nf4 b5 Bxc4+ Kxa3 N6d5 Be5 Bxb5 Kb3 Bg3 Bc3 Ne6 Kb2 Bc4 Be5 Bxe5+ Kc1 Bxa2 Kd2 Rc8 Ke1 Rc7 Kd2 Nd4 Kd1 Rg8 Ke1 Rh8 Kd1 Rg8 Ke1 Rh8 Kd1 Rg8 Ke1 Rh8 Kd1 Rg8 Ke1 Re7 Kf1 Rh8 Ke1 Rg8 Kd2 Bf4+ Kd3 Be5 Kd2 Bf4+ Kd3 Be5 Kd2 Bf4+ Kd3 Be5 Kd2 Bf4+ Kd3 Ne6 Kc2 Rb7 Kd1 Nd4 Ke1 Rh8 Kf2 Rg8 Kf1 Rh8 Kg2 Rg8 Kg1 Ne3 Kf2 Nd5 Kf1 Rh8 Kg1 Ne3 Kf2 Nd5 Kg1 Ne3 Kf2 Nd5 Kg1 Ne3 Kf2 Nd5 Kg1 Ne3 Kf2 Be6 Ke1 Bg3+ Kd2 Bf4 Kc1 Nef5+ Kd1 Rb1#
29,loss,white,stockfish_level_1,N/A,160,d4 c6 e4 d5 Bf4 Nf6 exd5 Bg4 Nf3 Qxd5 Nc3 Qf5 Be5 Nfd7 Bd3 Qh5 Bxb8 Rxb8 Kf1 Rd8 Be4 g6 Bd3 Bg7 Be4 f5 Bd3 Bxd4 Bxf5 Bxc3 Bxd7+ Rxd7 Qe2 Bg7 Rd1 Rxd1+ Qxd1 Qf5 Nd4 Qh5 Qd3 Bc8 Qe4 Qa5 Qh4 h5 Qe4 Rh6 Qf4 Qxa2 Nxc6 Qb1+ Ke2 Qxc2+ Ke1 Qxc6 Qe3 Bf8 Qxa7 Qa6 Qxa6 bxa6 Rg1 Bb7 Ke2 Bg7 b3 Bc6 Kd3 h4 Kc4 Be4 Kc5 Bf5 Re1 Rh7 Re3 a5 Re2 Bf6 Re3 g5 Rf3 Bd7 Re3 a4 bxa4 Rh6 Re4 Bf5 Re3 Rh7 Rf3 Bg4 Re3 Bd7 Re4 h3 gxh3 Rh4 Rxh4 gxh4 Kb6 e6 a5 Bd8+ Ka6 Ba4 f3 Bd7 f4 Kf7 Kb7 Bxa5 Ka8 Bc6+ Kb8 Kg7 Kc8 Be4 Kd7 Bd5 Kc8 Kg8 Kb8 Bb4 Kc7 Be4 Kb8 Bf8 Kc7 Bb4 Kb8 Bf8 Kc7 Kf7 Kb8 Ke8 Kc7 Bf5 Kc8 Bh6 Kb8 Kd7 Ka8 Kc7 Ka7 Bg7 Ka8 Bf8 Ka7 Be4 Ka6 Bd6 f5 Bd3+ Ka7 Bc5+ Ka8 Be4#
25,loss,white,stockfish_level_1,N/A,242,d4 d5 Nf3 c6 Nc3 Bf5 Bg5 Nd7 Qd2 f6 Be3 Nb6 O-O-O e6 Nh4 Bg4 f3 Bh5 Qd3 Nc4 Bf4 Qa5 g4 Bf7 Ng2 Qb4 Na4 Qxa4 Bc7 Kd7 Bf4 g5 Bg3 h5 gxh5 Qxa2 Qxc4 dxc4 Ne3 Ke8 Bg2 Rxh5 Bc7 a5 Bb6 f5 Rdg1 a4 Rf1 Bh6 Rf2 c3 bxc3 g4 f4 a3 Kd2 Qd5 Nxd5 cxd5 Kc1 Nf6 Bc5 Rc8 Bb4 b6 Rff1 Rc7 Rf2 Ra7 Bd6 Kd8 Be5 Ng8 Bb8 Rd7 Be5 Ke7 Rff1 Ra7 Rf2 Bf8 Rff1 Bh6 Rf2 Nf6 Rg1 b5 Bh1 a2 Bxf6+ Kxf6 Kb2 Rh3 Ra1 Bg7 Kb3 Rb7 Rxa2 Re3 Rb2 Bh6 Bg2 Rc7 Kb4 Bf8+ Kxb5 Ra7 Kb6 Ra3 Kb7 Ra5 Rb3 Be8 Bh1 Ba4 Rb2 Bd6 Rb6 Rb5 Rxb5 Bxb5 Kb6 Bc4 Kc6 Ba3 Kb7 Bb2 Kb8 Bc1 Rf1 Bb2 Rf2 Rxc3 Bg2 Kg6 Bh1 Rh3 Bg2 Rxh2 Kb7 Rh8 Kc7 Ba1 e3 Rh2 Kd7 Kf7 Kc7 Bc3 Kb7 Ba2 Ka7 Bc4 Kb7 Bb2 Ka7 Kf8 Kb8 Ke8 Rd2 Bc1 Rf2 Ke7 e4 Kf7 exd5 Kf6 dxe6 Bxe6 Ka8 Bxf4 Rxf4 Rxg2 c3 Rd2 Ka7 Bf7 Rf1 g3 Rf4 g2 Rxf5+ Kg6 Rxf7 Kxf7 Ka8 Re2 Kb7 Kf6 Kc8 Kg5 Kc7 Re3 Kc8 Kf4 Kc7 Rxc3+ Kb7 Re3 Kc8 Ke4 Kc7 Rc3+ Kb7 Kxd4 Ka8 Rd3 Kb7 g1=R Ka8 Rg5 Kb7 Rd1 Ka8 Kc4 Kb7 Rh1 Ka8 Rh3 Kb7 Rgg3 Ka8 Rd3 Kb7 Rde3 Ka8 Kc3 Kb7 Kb3 Kc8 Kc3 Kc7 Reg3 Kc8 Rg1 Kc7 Kb4 Kc8 Rg7 Kd8 Rh8#
30,loss,black,stockfish_level_1,N/A,151,d4 Nc6 Nf3 e5 dxe5 Bb4+ Nbd2 Nge7 c3 Bc5 Qc2 Nd5 b4 Bb6 e4 Nf4 a4 Kf8 Nc4 Ne6 Ba3 Ng5 Rd1 Nxf3+ gxf3 Qe7 a5 Nxe5 Be2 Bxf2+ Kxf2 Qh4+ Kg1 Qg5+ Kf2 Qh4+ Kg1 Qg5+ Kf1 Nxc4 Bxc4 Qe7 Rg1 Rg8 Bc1 Qe5 Rg2 Rh8 Be3 Rg8 a6 bxa6 Kf2 Rh8 Bd4 Qd6 Bc5 Qxc5+ bxc5 Rg8 Qc1 Rh8 Rd4 Rg8 Be2 Rh8 e5 Rg8 Rg1 Rh8 h4 Rg8 Qd1 Rh8 c4 Rg8 Rh1 Rh8 Rg1 Rg8 f4 Rh8 Rg3 Rg8 Qe1 Rh8 Bf1 Rg8 Rdd3 Rh8 h5 Rg8 h6 gxh6 Rxg8+ Kxg8 Rg3+ Kh8 Re3 Bb7 e6 fxe6 Qc3+ Kg8 Rg3+ Kf8 Qg7+ Ke8 Qh8+ Kf7 Qxh7+ Kf6 Rg6+ Kf5 Bh3+ Kxf4 Qxh6+ Ke5 Qh5+ Kd4 Rg4+ Kd3 Qg6+ Kd2 Kg3 Kc1 Qh6+ Kb1 Rg5 Re8 Qh7+ Kb2 Qxd7 Rh8 Qd2+ Kb1 Qd1+ Kb2 Qd4+ Kb3 Qd1+ Kxc4 Bxe6+ Kc3 Qc1+ Kb4 Qc4+ Ka5 c6+ Kb6 Qc5#
33,loss,white,stockfish_level_1,N/A,76,e4 c5 Nc3 g6 Bb5 Nf6 Qf3 Nc6 Bxc6 bxc6 Nge2 d6 Kf1 Bg7 Qf4 h6 Qf3 e5 Rg1 Rb8 Rh1 a5 Rg1 Ng4 Rh1 c4 Ng3 O-O Nge2 f5 exf5 gxf5 Qxc6 Rf7 Qxc4 Rb4 Qd5 Bb7 Qe6 Qb6 Qe8+ Bf8 Ne4 fxe4 Nd4 Nf6 Qe6 a4 Ne2 Ne8 Qg6+ Bg7 d4 exd3 Nf4 d2 Bxd2 Re4 Nd3 h5 Qe6 Qb5 Bc3 Qc6 Rg1 a3 Qg6 Rf6 Qg5 axb2 Bxb2 Qxc2 Nf4 Qc4+ Nd3 Qxd3#
34,loss,black,stockfish_level_1,N/A,93,d4 e5 dxe5 Nf6 exf6 Qxf6 c3 Nc6 e4 Bd6 Be2 Bc5 Nh3 Qh4 Bf4 Kd8 O-O Rg8 b4 Be7 Bg3 Qxe4 Bf3 Qc4 a4 Bxb4 Bxc6 bxc6 cxb4 Qxb4 Ng5 Rf8 Nxh7 Rh8 Ra3 Rxh7 Rb3 Qxa4 Nc3 Qc4 Re1 d6 Qb1 Rh8 Re4 Qc5 h4 Bf5 Qb2 Kc8 Rf4 Be6 Rb7 Qe5 Re4 Qf6 Re1 Bd5 Rb4 c5 Ra4 Rb8 Qc2 Bb3 Qd3 c4 Rxc4 Bxc4 Qxc4 Kd8 Nd5 Qe6 Qxc7+ Ke8 Qxb8+ Kd7 Qxa7+ Kc6 Nb4+ Kb5 Qa6+ Kxb4 Rb1+ Kc3 Qb7 Kd3 Rc1 Rh7 Qa6+ Kd2 Bf4+ Qe3 Bxe3#
31,loss,white,stockfish_level_1,N/A,184,d4 d5 Nc3 a6 Nf3 Nc6 Bg5 Bf5 Qd2 Nb4 Ne5 h6 Bh4 f6 Nf3 Nxc2+ Kd1 Nxa1 Qc1 Nc2 Qb1 g5 Bg3 h5 Kc1 Qd7 Rg1 Ne3 Ne5 Qd6 Nd3 Qd8 fxe3 Nh6 e4 Bxe4 Nxe4 dxe4 Nc5 e5 Ne6 Qd7 Nxf8 Kxf8 Qxe4 h4 Qxb7 Kg7 dxe5 Rhb8 exf6+ Kg8 f7+ Nxf7 Qf3 Qa4 Qd5 hxg3 hxg3 Qb4 Kd1 a5 b3 Qb6 Rh1 Re8 Qd7 Rad8 Rh8+ Kg7 Qxd8 Rxd8+ Rxd8 Qg1 Rd2 Qxf1+ Kc2 Qa1 Kd3 Qb1+ Kd4 c6 Kc5 Qe4 Rd7 g4 Kb6 Kg6 Rc7 Qb4+ Kxc6 Nd8+ Kd7 Qd4+ Kc8 Qd6 Rd7 Qc6+ Kxd8 Qe4 Rd6+ Kg7 Rd7+ Kh8 Ra7 Qxe2 Rxa5 Kg7 Rg5+ Kh7 Rh5+ Kg6 Rh4 Qd3+ Kc8 Qc3+ Kb7 Qb4+ Kc8 Qc3+ Kb7 Qxg3 Rh8 Qxg2+ Kb8 Qc2 Rg8+ Kf6 Rf8+ Ke5 Re8+ Kf6 Rf8+ Ke7 Rg8 Qf5 Rg7+ Ke6 Ka8 Qf8+ Kb7 Qf5 Kb8 Qf8+ Kc7 Qf5 Kb8 Qf8+ Kc7 Qd6+ Kc8 Qc5+ Kb8 Qe5+ Rc7 Qh2 a3 g3 Rc6+ Kd5 Kb7 Qg2 Rc4 Qf3 Rb4 g2 Rb5+ Ke6+ Kc8 Qc6+ Kb8 Qxb5+ Ka7 g1=Q+ Ka8 Qd5+ Kb8 Qd6+ Kc8 Qgc5+ Kb7 Qcc7+ Ka8 Qdd8#
37,loss,white,stockfish_level_1,N/A,62,Nc3 d5 Nf3 Nf6 Ne5 e6 Nb5 c6 Nd4 a5 Rg1 Bd6 Nef3 e5 Nb3 O-O Ng5 h6 Nf3 a4 Nc5 b6 Nd3 Re8 Nfxe5 Bxe5 Nxe5 Rxe5 d4 Re8 Bf4 b5 Qd2 Ne4 Qb4 Qf6 Be3 a3 bxa3 c5 Qxb5 Rd8 O-O-O Nd7 f3 Nc3 Qd3 Rxa3 Kb2 Ba6 Qd2 Nb5 Ka1 Ra8 Rb1 Nc3 Rb2 Bc4 Bxh6 Rxa2+ Rxa2 Rxa2#
19,draw,white,stockfish_level_1,N/A,410,d4 d5 e4 Nf6 Bb5+ c6 Qf3 dxe4 Bxc6+ Nxc6 Qc3 h5 Ne2 e6 Nd2 h4 Kf1 a6 Qc4 Rh5 Nf4 Rd5 Nxd5 exd5 Qc3 Be7 Nb3 g6 Be3 Rb8 Bf4 Bd6 Bxd6 Qxd6 Kg1 b6 Kf1 Kf8 Kg1 Kg7 Kf1 a5 Kg1 Bd7 Nd2 Rc8 Nb3 Qe6 Nd2 b5 Qc5 Nd8 Qa7 Qc6 Qxa5 h3 gxh3 Ne6 Qa7 b4 Nb3 Ra8 Na5 Rxa7 Nxc6 Rb7 Ne5 Nxd4 Kg2 Ne6 Kg1 Bc8 Kf1 Ne8 Rg1 Rc7 Rg2 Rxc2 Rb1 Nd6 Kg1 d4 Kh1 d3 h4 b3 axb3 Nf4 Rg5 d2 Rg3 Nh3 Rg2 Be6 b4 Nf4 Rg5 f6 Nxg6 Nxg6 Rg2 Kh7 f3 Bf5 h5 Ne7 Re2 Kh8 fxe4 Rc1+ Kg2 Nxe4 Rxe4 Ng8 Re8 Be4+ Rxe4 Rxb1 Rd4 d1=N Rd2 f5 Kf3 Nxb2 Kf4 Rf1+ Kg5 Na4 Rd8 Re1 Kxf5 Kh7 Rd7+ Kh8 Kg6 Rg1+ Kf7 Nb6 Rd8 Rg4 h6 Kh7 Rd6 Nc8 Rc6 Nce7 Rc7 Nd5 Rc6 Rg2 Rd6 Nde7 Rd8 Rf2+ Ke6 Kh8 Re8 Nc6 Kd7 Ne7 Rxe7 Nxe7 Kxe7 Rb2 Kf8 Re2 h3 Rb2 Ke8 Kg8 Kd8 Kh7 Ke8 Rxb4 Kf8 Ra4 Kf7 Kxh6 Kg8 Ra8+ Kf7 Kh7 Ke7 Kg8 Kd7 Kh8 Kc7 Kh7 Kb7 Rg8 Kc7 Rg2 Kb7 Rg8 Kc7 Rf8 Kb7 Re8 Kc7 Re3 h4 Kg7 Kb7 Kg8 Ka8 Rf3 Kb7 Rg3 Ka8 Rd3 Kb7 Rb3+ Ka8 Rd3 Kb7 Kg7 Ka8 Ra3+ Kb8 Ra4 h5 Ra3 Kb7 Rd3 Ka8 Rb3 Ka7 Re3 Ka8 Rc3 Kb7 Re3 Ka8 Re8+ Kb7 Re1 Kc8 Re3 Kb7 Kg8 h6 Re7+ Kc8 Re5 Kb7 Re3 Ka8 Ra3+ Kb7 Rb3+ Ka8 Kh7 Ka7 Rb4 Ka8 Rb2 Ka7 Rb3 Ka8 Rb1 Ka7 Kg8 Ka8 Kf7 h7 Ra1+ Kb8 Kg7 Kc8 Rc1+ Kb7 Rc3 Ka8 Re3 Kb7 Rb3+ Ka8 Rc3 Kb7 Re3 Kc8 Re8+ Kd7 Re2 Kc8 Rg2 Kc7 Kxh7 Kb7 Kh6 Ka8 Rg8+ Kb7 Kg7 Kc7 Rf8 Kb7 Rg8 Kc7 Kf6 Kb7 Kf7 Kc7 Kg7 Kb7 Kf7 Kc7 Kg7 Kb7 Re8 Kc7 Kf8 Kb7 Re1 Ka8 Re8+ Kb7 Re2 Ka8 Kg8 Kb7 Rc2 Ka8 Rf2 Kb7 Rg2 Ka8 Rf2 Kb7 Rf1 Ka8 Rf8+ Kb7 Rd8 Kc7 Re8 Kb7 Rd8 Kc7 Rd3 Kb7 Rf3 Ka8 Rf1 Kb7 Rf3 Ka8 Re3 Kb7 Re2 Ka8 Rb2 Ka7 Rc2 Ka8 Rc1 Kb7 Rf1 Ka8 Rf8+ Kb7 Rf2 Ka8 Rc2 Kb7 Re2 Ka8 Re3 Kb7 Re8 Kc7 Kg7 Kb7 Rf8 Kc7 Rf3 Kb7 Rf8 Kc7 Rf2 Kb7 Rf1 Ka8 Kg8 Kb7 Rf2 Ka8 Rh2 Kb7 Rg2 Ka8 Re2 Kb7 Rh2 Ka8 Ra2+ Kb7 Rh2 Ka8 Rc2 Kb7 Rh2 Ka8 Rc2 Kb7 Rh2 Ka8 Rc2 Kb7 Rh2
36,loss,black,stockfish_level_1,N/A,81,c4 Nf6 Nf3 d5 cxd5 Qxd5 e3 Qc6 Be2 Nbd7 b4 Rg8 Bb2 Ne4 h3 Qg6 g4 Qd6 Qb3 Rh8 d3 Ne5 Bxe5 Be6 Qb2 Qd5 Rg1 Nxf2 Kxf2 Kd8 Bd4 Kc8 h4 Rg8 Nc3 Qc6 g5 Rh8 Rac1 Rg8 Rg2 Bh3 e4 Bxg2 Ne5 Qe6 Nd5 Kb8 Bg4 Qd6 Kxg2 Rh8 Nc4 Qc6 Ne5 Qd6 a4 Rg8 g6 hxg6 Nxc7 Qxc7 Nxf7 Qxc1 Be5+ Qc7 Bxc7+ Kxc7 Qc1+ Kb6 Qg1+ Ka6 Qe3 Re8 Bd7 b5 Qc5 Rb8 Qc6+ Rb6 axb5#
24,loss,black,stockfish_level_1,N/A,387,e4 Nf6 d3 Nc6 Be2 Nd4 f4 Rg8 Nf3 Nxf3+ Bxf3 d6 Nc3 Be6 O-O Qd7 f5 Qc6 fxe6 Qc5+ Kh1 fxe6 e5 dxe5 a4 e4 Nxe4 Nxe4 dxe4 Rd8 Bd2 Rh8 Qe2 Qxc2 Be3 Qb3 Ra3 Qb4 e5 g6 a5 Bh6 Bxh6 Rd7 g3 Rg8 Raa1 Qb3 Be3 Rf8 Kg1 a6 Ra3 Qb4 Raa1 Qb3 Rf2 Rf7 g4 Kd8 Bh6 Rxf3 Rxf3 Rd3 Rf2 Kd7 Bg5 Ke8 Raf1 Kd7 Qe1 Rd1 Rd2+ Rxd2 Qxd2+ Ke8 Qc3 Qb5 h4 h6 Bc1 Qe2 Qg3 g5 Be3 gxh4 Qh3 Kd7 Qf3 Qd3 g5 hxg5 b3 Qxb3 Qe4 Qc3 Rd1+ Kc8 Rf1 Qxa5 Rd1 h3 Kh1 Qb5 Rc1 Qe2 Rg1 g4 Rb1 c6 Ra1 g3 Kg1 g2 Qd4 h2+ Kxh2 Qf1 Bf2 Qxa1 Qxa1 Kb8 Qb1 Ka8 Kxg2 Kb8 Kh2 Ka8 Bg3 Kb8 Qd1 Ka7 Bh4 Kb8 Qf1 Ka8 Qd1 Kb8 Bxe7 Ka7 Qe2 Kb8 Qg2 Ka7 Qf1 Kb8 Qg2 Ka7 Qf1 Kb8 Bg5 Ka8 Qg2 Kb8 Qh3 Ka8 Be7 Kb8 Qf1 Ka8 Ba3 Kb8 Qh3 Ka8 Be7 Kb8 Bf6 Ka8 Qf1 Kb8 Qg2 Ka8 Bg5 Kb8 Qh3 Ka8 Qh8+ Ka7 Qd8 c5 Qd3 Kb8 Qh3 Ka8 Bh6 Kb8 Bf8 Ka8 Bh6 Kb8 Bg5 Ka8 Be7 Kb8 Bf6 Ka8 Qf1 Kb8 Qg2 Ka8 Qf1 Kb8 Be7 Ka7 Qg2 Kb6 Qf1 a5 Bf6 Ka7 Qd1 Kb8 Bh4 Ka8 Be1 b6 Bg3 Kb8 Qb1 Kb7 Qh7+ Kb8 Qh3 Ka8 Bh4 Kb8 Bg5 Ka8 Qh5 Kb8 Qd1 Ka8 Qf1 Kb8 Qc1 Ka8 Qf1 Kb8 Qg2 Ka7 Be7 Kb8 Bf6 Ka7 Bd8 Ka6 Bf6 Ka7 Qe2 Kb8 Qf1 Ka8 Qh3 Kb8 Qf1 Ka8 Qa6+ Kb8 Kh3 Kc7 Bd8+ Kxd8 Qf1 Kc8 Qb5 Kb7 Qe8 Ka7 Qf7+ Kb8 Qg8+ Kb7 Qh7+ Kb8 Qb1 Kb7 Qd1 Kb8 Qb1 Kb7 Kg3 Ka7 Qf1 Kb8 Qa6 Kc7 Qa8 Kd7 Qb7+ Ke8 Qxb6 Kf7 Qb5 Kg8 Qd7 Kh8 Qe8+ Kh7 Qd7+ Kh8 Kf4 Kg8 Qd8+ Kh7 Qd3+ Kh6 Qd1 Kh7 Qh1+ Kg8 Qa8+ Kh7 Qh1+ Kg8 Qg1+ Kh8 Qd1 Kg8 Ke4 Kh8 Qd2 a4 Qd8+ Kh7 Qh4+ Kg8 Qe7 Kh8 Qa7 c4 Kf4 c3 Qa8+ Kh7 Qe4+ Kh8 Qc4 c2 Ke4 c1=Q Qxc1 Kg8 Qc8+ Kf7 Qa6 a3 Qf1+ Kg8 Qc4 Kf7 Qf1+ Kg8 Qg1+ Kh8 Qh1+ Kg8 Kd4 a2 Qg2+ Kh8 Qh3+ Kg7 Qg3+ Kh8 Qh2+ Kg8 Qg2+ Kh8 Qxa2 Kg8 Qa8+ Kh7 Qa3 Kg8 Qa8+ Kh7 Kc5 Kg7 Kd6 Kf7 Qb7+ Kg8 Kxe6 Kh8 Kf6 Kg8 Qg7#
43,loss,white,stockfish_level_1,N/A,38,e4 e5 Nc3 Nc6 Bb5 Bc5 Nf3 Qf6 Nd5 Qd6 Kf1 Nf6 Nxf6+ gxf6 d4 a6 Bxc6 Qxc6 dxc5 Qxe4 Kg1 Rg8 Be3 d6 cxd6 Bh3 d7+ Ke7 d8=Q+ Raxd8 Bc5+ Ke6 Ng5+ Rxg5 Qf1 Rxg2+ Qxg2 Qxg2#
41,win,white,stockfish_level_1,N/A,91,Nf3 e6 Nc3 Nf6 Ne5 Bd6 Nc4 Bf8 Ne5 c5 Nb5 a6 Nc3 b5 Rg1 Qc7 f4 Bb7 Kf2 Ng4+ Nxg4 h5 Ne5 Bd6 Nd3 b4 Na4 c4 Ndc5 Bxc5+ Nxc5 Qxf4+ Ke1 Qxh2 Kf2 Bc6 Rb1 d6 Nxe6 g6 Nc7+ Kd8 Nxa8 Nd7 e3 Ne5 Nb6 Ng4+ Ke1 Be4 Nxc4 Rh6 Nxd6 Bd5 Nxf7+ Bxf7 Rh1 Qg3+ Ke2 Nf2 Qe1 Kc7 Qxf2 Bc4+ Ke1 Qg4 Rh4 Bxa2 Rxg4 Kd8 Qf8+ Kc7 Qf4+ Kd8 Qf8+ Kc7 Qf4+ Kc8 Bxa6+ Kd8 Qf8+ Kc7 Qf4+ Kb6 Qxh6 hxg4 Qxg6+ Kc7 Qg7+ Kb8 Qb7#
40,loss,black,stockfish_level_1,N/A,97,c4 Nf6 d4 e5 dxe5 Bb4+ Nc3 Ne4 Qc2 Qh4 g3 Qg4 f3 Bxc3+ bxc3 Qf5 Bg2 Nxg3 e4 Qh5 hxg3 Qxe5 Ne2 Nc6 Be3 Kf8 Qd2 Qa5 Rc1 Ne5 Qd4 Qxa2 Bf4 Qa3 Bxe5 f6 Bxc7 Rg8 Bd6+ Qxd6 c5 Qe5 Rxh7 Qe7 f4 Rb8 Rd1 Ra8 Rh1 Rb8 f5 Ra8 Nf4 Ke8 Qd5 Rf8 Rd2 Kd8 Kf2 Kc7 Qd4 Kb8 Nd5 Qe8 g4 Rf7 g5 fxg5 Rb1 Qe6 c4 g4 Rdb2 g3+ Kf1 Rf8 Qxg7 Rg8 Qh7 Rf8 Qh4 Qe5 Qg5 Rf7 Qd2 Rg7 Ke1 Rf7 Qe3 Rxf5 exf5 Qxf5 Qxg3+ Qe5+ Qxe5+ d6 Qxd6#
39,loss,white,stockfish_level_1,N/A,140,Nf3 c5 e4 Nc6 Bb5 Qb6 Nc3 a6 Ba4 Qa7 Nd5 b5 Bb3 Rb8 Ng5 e6 Nf4 c4 Ngxe6 dxe6 Bxc4 bxc4 Qh5 Nge7 Qg5 f6 Qh5+ Kd8 Qf7 e5 Nd5 Bd7 Nxe7 Nb4 Qxc4 Bxe7 Kf1 Qb6 Rg1 Bb5 Qxb5 axb5 c3 Kd7 cxb4 Qd8 a3 Bf8 Rh1 g5 d3 Be7 h3 Rg8 Rh2 Rh8 Be3 Rg8 Ra2 h6 Bd2 Bf8 Bc3 Ke8 Ke2 Rg7 Kd2 Qc7 Ke2 Qd8 Kd2 Rg8 Ke2 Rb6 Ke3 Rb7 Ke2 h5 Kd2 Qd7 Ke3 Bh6 Ke2 Bf8 Ke3 g4 hxg4 hxg4 Ke2 g3 fxg3 Rg6 Kd2 Rg7 Rh8 Rf7 Kc2 Qg4 Bxe5 Qe2+ Kc3 Rh7 Rxh7 Rxh7 Bxf6 Qe1+ Kd4 Qf2+ Ke5 Be7 Bxe7 Rxe7+ Kd6 Qb6+ Kd5 Qb7+ Kc5 Rc7+ Kd6 Qc6+ Ke5 Qb6 Kf5 Qd6 a4 Qa6 Kg5 Rg7+ Kh5 Rg8 Ra1 Qa7 Kh6 Rxg3 Ra2 Qb6+ Kh7 Qg6+ Kh8 Qg8#
35,draw,white,stockfish_level_1,N/A,220,d4 e6 e4 d5 Bb5+ Nc6 Nc3 Nf6 exd5 Nxd5 Bxc6+ bxc6 Nxd5 exd5 Qe2+ Be6 Kf1 Bd6 h3 O-O Qh5 Bc8 Ne2 a5 Bg5 Qe8 Be3 a4 Qg5 Qe4 Rc1 Ba6 c4 Rae8 cxd5 Bf4 Qxf4 Qxf4 Bxf4 Bd3 Re1 Re4 Bxc7 Rfe8 Be5 Rxe2 Rxe2 cxd5 Rh2 Bb5 Ke1 a3 Re3 axb2 Rb3 b1=R+ Rxb1 Bc4 Rb7 f6 Rc7 fxe5 Kd2 Ra8 a3 Rxa3 Rc8+ Kf7 Rc7+ Kf6 dxe5+ Kf5 g4+ Kxe5 f4+ Ke6 Rc6+ Kd7 Rc5 Ra2+ Kc3 Rxh2 Kb4 h6 Ka5 Ra2+ Kb6 Rb2+ Ka7 Rb1 Ka8 g6 Ka7 Ra1+ Kb8 Kd6 Rc7 Re1 g5 h5 h4 Re6 Rc8 Re3 Rd8+ Ke7 Kc7 d4 Rxd4 Bb5 Kb8 Ke6 Rb4 Bc6 Rb6 Kd6 Rb2 Ra3 Rd2+ Bd5 Rxd5+ Kxd5 Kb7 Ra1 Kc7 Ra3 Kb7 Ra1 Kc7 Ra2 Kb7 Kd4 Kc7 Kd5 Kb7 Ra3 Kc7 Kd4 Kb7 Ra1 Kc7 Ke3 Kc8 Ra4 f5 Rc4+ Kb7 Rb4+ Ka8 Ra4+ Kb7 Re4 fxg6 Rg4 g7 Kf4 g8=Q Rg1 Qh7 Rxg5 hxg5 Kxg5 Kb8 h4 Qh8 Kg6 Qxh4 Kf7 Qh8 Kg6 Qh4 Kg7 Qh5 Kf6 Qh8+ Kg6 Qh4 Kf5 Qd4 Kg6 Qh8 Kf7 Qd8 Ke6 Qf8 Kd7 Qc8+ Kd6 Qc7+ Ke6 Qf4 Kd7 Kb7 Ke8 Kc8 Ke7 Kb8 Ke6 Kc8 Ke7 Kb8 Kd7 Kb7 Ke6 Kc8 Ke7 Kb8 Kd7 Kb7 Ke7 Kc8 Ke6 Kb8 Kd7 Kb7 Ke7 Kc8 Ke8 Kb8 Kd7
44,loss,black,stockfish_level_1,N/A,85,c4 Nc6 d4 Nf6 d5 Ne5 Nd2 Rg8 e4 Nfg4 h3 Nf6 Ngf3 Nxf3+ Qxf3 Rh8 b3 Rg8 Bb2 e6 e5 Bb4 O-O-O exd5 cxd5 Nxd5 Ne4 Qh4 Rxd5 c6 Rd4 Be7 Bc4 Kd8 Rhd1 c5 R4d2 Qh6 Kc2 b5 Bd3 Bb7 Qxf7 Rf8 e6 Rxf7 exf7 Bxe4 f8=R+ Bxf8 Bxe4 Bd6 Rxd6 Qf4 f3 Kc8 Kb1 Rb8 Rxd7 Qh4 Rxg7 Rb6 Rc1 Qf2 Rxa7 Qxg2 Rxh7 Kd8 Rd1+ Ke8 Bc2 Qxf3 Rg1 Kf8 Rh8+ Kf7 Rh7+ Kf8 h4 Rb8 Bg7+ Kg8 Bh6+ Qg4 Rxg4#
46,win,black,stockfish_level_1,N/A,54,e3 d5 c4 Nf6 Nc3 dxc4 h3 Nc6 Bxc4 Bf5 d3 Bxd3 Bxd3 Rg8 Nf3 Rh8 a3 Rg8 Qc2 Qd7 Bc4 e5 b4 e4 Ng5 Ne5 Ncxe4 Nxc4 Nc5 Qb5 Nge4 Bxc5 Nxf6+ gxf6 Qxh7 Rxg2 Kf1 Nxe3+ Ke1 Bd4 Qe4+ Qe5 Qb1 Bc3+ Bd2 Bxd2+ Kxd2 Rxf2+ Ke1 Rg2 Ra2 Qg3+ Rf2 Qxf2#
42,loss,black,stockfish_level_1,N/A,139,d4 Nc6 Nf3 d5 Bf4 Bg4 h3 Bxf3 gxf3 Nf6 e3 Nh5 Bg3 Nxg3 fxg3 Qd6 f4 Qb4+ Nc3 Qxb2 Nxd5 Kd8 Kf2 Rg8 h4 Rh8 Bg2 Rg8 Qe2 e6 Qd3 exd5 a3 Nxd4 Rhc1 Bxa3 exd4 Bd6 Kf1 Rh8 Bxd5 Rg8 Rcb1 Qxb1+ Rxb1 Rb8 Kf2 Kc8 Bxf7 Rh8 Bh5 Kd8 Qd1 Rg8 c3 Rh8 Ra1 Ra8 Qb1 g6 Bxg6 hxg6 Ra5 b6 Ra2 Rg8 Qe4 Kd7 Re2 Rge8 Qb1 Rxe2+ Kxe2 Re8+ Kf1 Rg8 Qb3 Rg7 c4 Kc8 Qf3 Kb8 Qe2 Re7 Qc2 Rg7 Qe2 Re7 Qc2 Rg7 Qa4 Kb7 Qa2 Kb8 Qa4 Kb7 Kf2 Rf7 Qe8 Rg7 Qe6 Ka6 Ke2 Re7 d5 Rxe6+ dxe6 Ka5 Kd1 Ka4 f5 gxf5 h5 Bxg3 e7 Kb4 e8=Q Kxc4 Qe7 Kb3 Qe3+ Kb2 h6 Bd6 Qd4+ Kb1 h7 Bc5 Qc4 Bd4 Qxd4 c5 Qc3 Ka2 Kc2 a6 Qb3+ Ka1 Qa3#
45,loss,white,stockfish_level_1,N/A,102,e4 d5 d4 e6 Bb5+ c6 Ba4 Bd7 exd5 Qa5+ Nc3 Bb4 dxe6 Qxa4 exd7+ Nxd7 Qe2+ Kf8 Nf3 Bxc3+ bxc3 Re8 Ba3+ Qxa3 Ne5 Qd6 Nxd7+ Qxd7 Qxe8+ Qxe8+ Kd2 h5 Rhb1 Rh6 Rxb7 g6 Rxa7 Nf6 Re1 Qb8 Rae7 g5 R1e5 h4 Kc1 Rh7 Kd2 Rh6 Kc1 Rg6 Kd2 c5 d5 Qd6 Kc1 Qb8 Kd2 Qc8 Kc1 Qd8 Rb7 c4 Rbe7 Qb8 Kd2 Rh6 Kc1 Rh5 Kd2 Qa8 g4 Rh7 Kc1 Qd8 f3 Qb6 Re3 Rh8 R7e5 Qb8 Rf5 Qb6 Re1 Qa7 Rxf6 Qa3+ Kb1 Qa5 Re2 Qxd5 Kc1 Qa8 Rf5 Qa3+ Kb1 Rh6 Rg2 Rb6+ Rb5 Rxb5+ Ka1 Qb2#
49,win,white,stockfish_level_1,N/A,61,Nc3 e5 Nf3 Bd6 Ne4 Ne7 c3 h6 Qa4 a6 Qc4 Nf5 g4 b5 Qd5 Nc6 gxf5 O-O Nxd6 cxd6 Qxd6 Qb6 Nxe5 Nxe5 Qxb6 Nd3+ exd3 Re8+ Be2 b4 cxb4 a5 Qc7 Rxe2+ Kxe2 d6 Qc6 Bxf5 Qxa8+ Bc8 Qxc8+ Kh7 Qf5+ Kg8 bxa5 d5 Qxd5 g5 Kf1 Kh7 Qxf7+ Kh8 b3 h5 Qg6 g4 Qf7 g3 hxg3 h4 Rxh4#
38,loss,black,stockfish_level_1,N/A,317,e3 Nf6 c4 e5 Be2 Bb4 Qb3 Nc6 a3 Ba5 Qc2 e4 Nc3 Kf8 Nxe4 Nxe4 Qxe4 Qf6 Qb1 Ne5 Qc2 Kg8 h4 Kf8 h5 Kg8 f4 Nc6 h6 gxh6 Nf3 Kf8 Kf2 Kg8 Rh5 Bb6 d4 Qg7 Bd2 Qg4 Nh2 Qg7 c5 Qg6 Rc1 Qxc2 Rxc2 Ba5 Ng4 Bxd2 Rxd2 Kf8 Bf3 d5 Nxh6 Be6 g4 Kg7 f5 Bd7 Nxf7 Kxf7 Kg3 Ne7 Re2 Bb5 Reh2 Rag8 Kf4 Rg7 g5 Bc4 Rh6 Kg8 Bg4 Nc6 R2h3 Rf7 g6 Rg7 R3h5 Kf8 f6 Rgg8 Be6 Rxg6 Rxg6 Be2 Rgg5 h6 Rxd5 Bc4 a4 Rh7 Rh3 Bb3 Rh4 Bc4 a5 Bb3 Rhh5 Bc4 Rhf5 Bb3 a6 bxa6 Kf3 Bc4 Kg4 Bb3 Kf4 Bc4 Ke4 Bb3 Rf2 Bc4 Rf3 Bb3 Rf2 Bc4 Rh2 Bb3 Rg2 Rh8 Rg7 Bxd5+ Kxd5 Nb4+ Ke4 Nc6 Rxc7 Nd8 Bf5 Nf7 Rc8+ Nd8 Rxd8+ Kf7 Be6+ Kxe6 Rxh8 Kxf6 Rxh6+ Kg5 Rh8 Kg4 d5 Kg3 b3 Kg2 d6 Kf2 Rf8+ Kg2 Rh8 Kf2 Rf8+ Kg2 Kf5 Kf2 Re8 Kg2 Rg8+ Kf2 Kf4 a5 e4 Ke2 Rg4 Kf2 Rg8 Ke2 Ke5 Kf3 c6 Kf2 c7 a4 bxa4 Ke2 c8=R Kf2 Rc5 Ke2 a5 Kf2 Rb5 Ke2 Kf6 Kf3 e5 Kf2 Rg5 Ke2 Ke7 Kf2 Rg7 Ke2 e6 Kf2 Rf5+ Ke2 Rg2+ Ke1 d7 a6 Re5+ Kf1 Rg7 Kf2 Rd5 Ke2 Rdg5 Kf2 d8=N Ke2 Nb7 Kf2 Rg4 Ke2 Rg2+ Ke1 Rh2 Kf1 Rh1+ Kf2 Rh5 Ke2 Rh2+ Kf1 Rh1+ Kf2 Rh6 Ke2 Rh3 Kf2 Rb3 Ke2 Re3+ Kxe3 Kf6 Kf2 Ke7 Ke2 Kd6 Kf2 Kd7 Ke2 e7 Kf2 Kc6 Ke2 Rg6 Kf2 e8=R Kf3 Kb6 Kf2 Nd6 Kf3 Rd8 Kf2 Rd7 Ke2 Rc7 Kf2 Kxa6 Ke2 Rc1 Kd2 Rc5 Ke2 Re5+ Kf2 Rb5 Ke2 Rb6 Kf2 Rf6+ Kg2 Kb7 Kh2 Kc6 Kg2 a6 Kh2 Rb1 Kg3 Nf5+ Kh2 Rh6+ Kg2 Rg6+ Kf3 Rb3+ Ke4 Ne7 Ke5 Rd3 Ke4 Rh3 Ke5 Rh5+ Kf4 Nd5+ Kf3 Rh3+ Kf2 Rhh6 Ke2 Rh2+ Kf1 Rf6+ Kg1 Rb2 Kh1 Rf1#
48,loss,black,stockfish_level_1,N/A,195,e3 Nc6 Nf3 e5 d3 Qf6 Nc3 Bb4 Be2 Bxc3+ bxc3 Nge7 a4 Nd5 Bb2 O-O O-O Kh8 Nd2 Nxe3 fxe3 Qg6 e4 Rg8 Nc4 Rf8 Kh1 Rg8 a5 Rf8 Bc1 Rg8 Bf3 Qf6 h3 Rf8 Ne3 Rg8 Bg4 Qh6 Qe1 Rf8 Nd5 Qg6 c4 Nd4 Ra2 c6 Nc3 Rg8 Rb2 Rf8 Be3 Nxc2 Rxc2 Rg8 Bf5 Qf6 Kg1 a6 Rcf2 Rf8 c5 Ra7 Bd2 Rg8 Bc1 Rf8 g4 Qh4 Rh2 Qf6 Rhf2 Qh4 Rh2 Qf6 Rff2 Qh4 Be3 Qg3+ Rhg2 Qxh3 Na4 Rg8 Nb6 Rf8 d4 exd4 Bf4 Rg8 Rh2 Qxh2+ Rxh2 g6 Qa1 gxf5 Be5+ f6 Bxf6+ Rg7 Nxc8 Ra8 Bxg7+ Kxg7 Ra2 Rxc8 Qxd4+ Kg8 Qd1 fxe4 Rc2 Rc7 Rb2 Kg7 Qe2 Kg8 Rb1 Kg7 Qxe4 Kg8 Qe7 h6 Qf6 Kh7 Qb2 Kg8 Kh1 Kh7 Rf1 Kg8 Qa2+ Kh8 Rd1 Kh7 Qb1+ Kg8 Qg6+ Kh8 g5 hxg5 Qxg5 Kh7 Ra1 Kh8 Rd1 Kh7 Qg4 Kh8 Qg6 b6 Re1 Rc8 Re8+ Rxe8 Qxe8+ Kh7 Kh2 bxc5 Kh3 d6 Qe7+ Kh8 Qd8+ Kh7 Qxd6 Kh8 Kg4 Kg8 Qe6+ Kh8 Qh6+ Kg8 Qf6 Kh7 Qh4+ Kg8 Qf6 Kh7 Qd6 Kh8 Kg5 Kg8 Qxc6 Kh8 Qe8+ Kg7 Kf5 Kh7 Qe7+ Kh8 Ke6 c4 Kf7 Kh7 Qh4#
47,loss,white,stockfish_level_1,N/A,228,Nf3 d5 e4 e6 Bb5+ c6 Ba4 dxe4 Ne5 Bd6 Nc4 Bf4 Qg4 Qf6 Nc3 Nh6 Qh5 Qd8 Nxe4 b5 Bxb5 cxb5 Qxb5+ Kf8 Qc5+ Kg8 Qb5 Nf5 Kf1 Bd7 Qb7 Bc6 Nf6+ Kf8 Qb4+ Qe7 Nxh7+ Kg8 Qxe7 Nxe7 Na5 Nd5 Nf6+ gxf6 c4 Ne7 d3 Bd6 c5 Be5 f4 Bc7 Bd2 Bxa5 Bxa5 Kf8 Bd8 Nd5 Re1 Kg7 Ba5 Bd7 Bd2 Nc6 Kf2 Nd4 Re4 Nf5 Re2 Kf8 Kg1 Rg8 Re4 Bc6 Re2 Rb8 Bc1 Rc8 Bd2 Bb5 Re4 Nde7 d4 Bc6 Re2 Ke8 Bc3 a6 h3 Rg6 Kh2 Rb8 Rg1 Ra8 g4 Ng7 f5 exf5 g5 fxg5 Bb4 Kd7 Re5 Nh5 d5 Nxd5 Rd1 Nf4 Rxf5 Rag8 Rxf7+ Ke8 Rf5 Ne6 Rfxd5 Bxd5 Rxd5 Rf6 Kg3 Rf4 Bc3 Rc4 Re5 Ke7 Bd2 Rd4 Be3 Rh4 Kh2 Rhh8 Re4 Re8 Bxg5+ Kf8 Bf6 Rh7 Re5 Rc7 Kh1 Ng7 Bxg7+ Rxg7 Rxe8+ Kxe8 Kh2 Rg6 Kh1 Rg7 Kh2 Rh7 Kg3 Kd8 Kg4 Rd7 Kh5 Rd2 Kh6 a5 Kh7 Rxb2 a3 Rb3 Kh8 Rb2 Kh7 Rd2 Kh8 Rd1 Kh7 a4 Kh8 Kc7 Kh7 Rb1 Kh8 Rh1 Kh7 Rd1 Kh8 Rc1 Kh7 Rc2 Kh8 Rc4 Kh7 Rc1 Kh8 Kc6 Kh7 Rb1 Kh8 Kxc5 Kh7 Kd6 Kh8 Rb7 Kg8 Rb6 Kh8 Rb5 Kh7 Rb8 Kg7 Ke6 Kh7 Kf6 h4 Re8 h5 Kf5 Kg7 Re1 Kg8 Kf6 h6 Re8+ Kh7 Re5 Kh8 Re6 Kg8 Rc6 Kh8 Kf7 Kh7 Rb6 Kh8 Rxh6#
50,draw,black,stockfish_level_1,N/A,347,e3 e5 d4 d5 dxe5 Nc6 f4 Qh4+ g3 Bb4+ c3 Bg4 gxh4 Bxd1 cxb4 Bc2 Na3 Be4 Nb5 Bxh1 Nxc7+ Kf8 Nxa8 Nxb4 Kd1 Ne7 b3 Nf5 Nc7 Be4 Kd2 Nc2 Ne2 Nxa1 Ba3+ Kg8 Nd4 Nxd4 exd4 Nc2 Bc5 b6 Be7 Nxd4 Kc3 Nc6 Bd6 d4+ Kd2 Bb1 h5 Bxa2 Bg2 Nd8 Kc2 a5 Be4 h6 Nd5 Nc6 Kb2 Nb4 Ne7+ Kf8 Nd5+ Kg8 Nxb4 Bxb3 Nc2 Bxc2 Bxc2 b5 Bd3 b4 h3 f6 Bc4+ Kh7 Bd3+ Kg8 e6 a4 e7 a3+ Kb1 Kf7 Bc4+ Ke8 Bb5+ Kf7 f5 b3 Bc5 a2+ Ka1 b2+ Kxa2 Rc8 Kb1 Rb8 Bc6 Rc8 Ba4 Ra8 Bb3+ Ke8 Kxb2 Rb8 Ka3 Rb7 Ba4+ Rd7 Kb4 d3 Kc3 d2 Bd1 Rc7 Ba4+ Rd7 Bxd7+ Kxd7 Kxd2 Ke8 Kc3 Kf7 Kb4 Ke8 h4 Kf7 Kb5 Ke8 Bb4 Kf7 Kb6 Ke8 Ka5 Kf7 Kb6 Ke8 Kc5 Kxe7 Kd4+ Ke8 Ke3 Kd8 Kf3 Ke8 Ba5 Kf8 Bb6 Kg8 Bc5 Kh8 Bb6 Kg8 Bg1 Kh8 Be3 Kg8 Bc5 Kh8 Ba3 Kg8 Be7 Kh8 Ke4 Kg8 Bb4 Kh8 Kf3 Kg8 Ba3 Kh8 Bc1 Kg8 Bf4 Kh8 Bb8 Kg8 Kg3 Kh8 Kf3 Kg8 Kg3 Kh8 Bf4 Kg8 Be3 Kh8 Bf4 Kg8 Kf3 Kh8 Bg3 Kg8 Be1 Kh8 Bd2 Kg8 Bb4 Kh8 Ba3 Kg8 Bd6 Kh8 Bb4 Kg8 Bd2 Kh8 Bc1 Kg8 Kg3 Kh8 Kg4 Kg8 Kg3 Kh8 Kg4 Kg8 Bd2 Kh8 Be3 Kg8 Bg1 Kh8 Bb6 Kg8 Kf3 Kh8 Kg4 Kg8 Kf3 Kh8 Bc7 Kg8 Kg3 Kh8 Bd8 Kg8 Be7 Kh8 Bd6 Kg8 Be5 fxe5 Kf2 Kh8 Kg1 Kg8 Kg2 Kh8 Kh3 Kg8 Kg3 Kh8 Kf3 Kg8 Ke3 Kh8 Kf2 Kg8 Ke3 Kh8 Kd3 Kg8 Ke4 Kh8 Kxe5 Kg8 Kd4 Kh8 Ke3 Kg8 Ke4 Kh8 Kf3 Kg8 Kg4 Kh8 Kf3 Kg8 Ke3 Kh8 Ke2 Kg8 Ke3 Kh8 Kd3 Kg8 Ke2 Kh8 Kf1 Kg8 f6 gxf6 Ke2 Kh8 Ke3 Kg8 Ke4 Kh8 Kf4 Kg8 Kg3 Kh8 Kg4 Kg8 Kg3 Kh8 Kh3 Kg8 Kg3 Kh8 Kf4 Kg8 Kg3 Kh8 Kf4 Kg8 Ke3 Kh8 Kd4 Kg8 Kd5 Kh8 Ke4 Kg8 Kd5 Kh8 Ke4 Kg8 Ke3 Kh8 Kf3 Kh7 Ke4 Kh8 Kf3 Kh7 Ke4 Kh8 Kf4 Kg8 Kg4 Kh8 Kf4
